<?xml version='1.0' encoding='UTF-8' ?>
<timeLogEntries>
  <time id="1" path="/Non Project/PSP for Engineers/Program 1/Planning" start="@1456161391435" delta="13" />
  <time id="2" path="/Non Project/PSP for Engineers/Program 1/Design" start="@1456162177913" delta="15" />
  <time id="3" path="/Non Project/PSP for Engineers/Program 1/Design" start="@1456163162868" delta="3" />
  <time id="4" path="/Non Project/PSP for Engineers/Program 1/Design" start="@1456163338410" delta="1" />
  <time id="5" path="/Non Project/PSP for Engineers/Program 1/Code" start="@1456163406892" delta="15" />
  <time id="6" path="/Non Project/PSP for Engineers/Program 1/Design" start="@1456164326324" delta="9" />
  <time id="7" path="/Non Project/PSP for Engineers/Program 1/Design" start="@1456165293781" delta="23" />
  <time id="8" path="/Non Project/PSP for Engineers/Program 1/Design" start="@1456167327513" delta="20" />
  <time id="9" path="/Non Project/PSP for Engineers/Program 1/Design" start="@1456180690972" delta="1" />
  <time id="10" path="/Non Project/PSP for Engineers/Program 1/Design" start="@1456244717374" delta="23" />
  <time id="11" path="/Non Project/PSP for Engineers/Program 1/Code" start="@1456246125712" delta="15" />
  <time id="12" path="/Non Project/PSP for Engineers/Program 1/Design" start="@1456247010528" delta="9" />
  <time id="13" path="/Non Project/PSP for Engineers/Program 1/Code" start="@1456247618561" delta="7" />
  <time id="14" path="/Non Project/PSP for Engineers/Program 1/Design" start="@1456248036214" delta="20" />
  <time id="15" path="/Non Project/PSP for Engineers/Program 1/Code" start="@1456249216760" delta="27" />
  <time id="16" path="/Non Project/PSP for Engineers/Program 1/Design" start="@1456250863837" delta="1" />
  <time id="17" path="/Non Project/PSP for Engineers/Program 1/Code" start="@1456252522658" delta="26" />
  <time id="18" path="/Non Project/PSP for Engineers/Program 1/Compile" start="@1456254100119" delta="15" />
  <time id="19" path="/Non Project/PSP for Engineers/Program 1/Design" start="@1456255020535" delta="10" />
  <time id="20" path="/Non Project/PSP for Engineers/Program 1/Compile" start="@1456255639163" delta="10" />
  <time id="21" path="/Non Project/PSP for Engineers/Program 1/Test" start="@1456271809509" delta="16" />
  <time id="22" path="/Non Project/PSP for Engineers/Program 1/Postmortem" start="@1456272793610" delta="10" />
  <time id="23" path="/Non Project/PSP for Engineers/Program 2/Planning" start="@1456855753386" delta="6" />
  <time id="24" path="/Non Project/PSP for Engineers/Program 2/Design" start="@1456856125686" delta="15" />
  <time id="25" path="/Non Project/PSP for Engineers/Program 2/Code" start="@1456857030381" delta="3" />
  <time id="26" path="/Non Project/PSP for Engineers/Program 2/Design" start="@1456857215358" delta="6" />
  <time id="27" path="/Non Project/PSP for Engineers/Program 2/Code" start="@1456857557347" delta="4" />
  <time id="28" path="/Non Project/PSP for Engineers/Program 2/Design" start="@1456857805518" delta="3" />
  <time id="29" path="/Non Project/PSP for Engineers/Program 2/Code" start="@1456857993586" delta="21" />
  <time id="30" path="/Non Project/PSP for Engineers/Program 2/Design" start="@1456861073650" delta="5" />
  <time id="31" path="/Non Project/PSP for Engineers/Program 2/Code" start="@1456861379279" delta="19" />
  <time id="32" path="/Non Project/PSP for Engineers/Program 2/Design" start="@1456862533902" delta="6" />
  <time id="33" path="/Non Project/PSP for Engineers/Program 2/Code" start="@1456862905404" delta="15" />
  <time id="34" path="/Non Project/PSP for Engineers/Program 2/Code" start="@1456929433776" delta="6" />
  <time id="35" path="/Non Project/PSP for Engineers/Program 2/Design" start="@1456929819234" delta="6" />
  <time id="36" path="/Non Project/PSP for Engineers/Program 2/Code" start="@1456930191019" delta="2" />
  <time id="37" path="/Non Project/PSP for Engineers/Program 2/Test" start="@1456930339550" delta="15" />
  <time id="38" path="/Non Project/PSP for Engineers/Program 2/Postmortem" start="@1457035786355" delta="12" />
  <time id="39" path="/Non Project/PSP for Engineers/Program 3/Planning" start="@1458059676109" delta="21" />
  <time id="40" path="/Non Project/PSP for Engineers/Program 3/Design" start="@1458060938027" delta="9" />
  <time id="41" path="/Non Project/PSP for Engineers/Program 3/Design" start="@1458061979681" delta="27" />
  <time id="42" path="/Non Project/PSP for Engineers/Program 3/Code" start="@1458063577562" delta="7" />
  <time id="43" path="/Non Project/PSP for Engineers/Program 3/Code" start="@1458064631091" delta="54" />
  <time id="44" path="/Non Project/PSP for Engineers/Program 3/Design" start="@1458067855228" delta="9" />
  <time id="45" path="/Non Project/PSP for Engineers/Program 3/Code" start="@1458068383911" delta="12" />
</timeLogEntries>
